{"label":280000.0,"features":{"type":1,"values":[30000.0,0.0]},"prediction":211994.45496348385}
{"label":279100.0,"features":{"type":1,"values":[40000.0,0.0]},"prediction":262235.1906951582}
{"label":220000.0,"features":{"type":1,"values":[40000.0,1.0]},"prediction":258387.97673789557}
{"label":168000.0,"features":{"type":1,"values":[27000.0,0.0]},"prediction":196922.23424398154}
{"label":250200.0,"features":{"type":1,"values":[50000.0,0.0]},"prediction":312475.92642683256}
{"label":382800.0,"features":{"type":1,"values":[60000.0,0.0]},"prediction":362716.6621585069}
{"label":450400.0,"features":{"type":1,"values":[70000.0,1.0]},"prediction":409110.18393291865}
{"label":412000.0,"features":{"type":1,"values":[70000.0,0.0]},"prediction":412957.3978901813}
{"label":410500.0,"features":{"type":1,"values":[70000.0,1.0]},"prediction":409110.18393291865}
{"label":450400.0,"features":{"type":1,"values":[80000.0,0.0]},"prediction":463198.13362185564}
{"label":505300.0,"features":{"type":1,"values":[90000.0,1.0]},"prediction":509591.65539626736}
